{
	"credit": "Made with Blockbench",
	"parent": "create:block/belt",
	"texture_size": [32, 32],
	"textures": {
		"2": "trackwork:block/belt",
		"particle": "create:block/axis"
	},
	"elements": [
		{
			"name": "Axis",
			"from": [0.6, -5, -1.2],
			"to": [15.4, 3.5, 0.8],
			"faces": {
				"north": {"uv": [1, 0, 15, 10], "texture": "#2"},
				"east": {"uv": [16, 0, 14, 10], "texture": "#2"},
				"south": {"uv": [1, 0, 15, 10], "texture": "#2"},
				"west": {"uv": [2, 0, 0, 10], "texture": "#2"},
				"up": {"uv": [1, 0, 15, 16], "texture": "#2"},
				"down": {"uv": [1, 0, 15, 16], "texture": "#2"}
			}
		},
		{
			"name": "Axis",
			"from": [0.5, -9.5, -4.5],
			"to": [15.5, -3, -2.5],
			"rotation": {"angle": -45, "axis": "x", "origin": [0, 0, 0]},
			"faces": {
				"north": {"uv": [1, 10, 15, 16], "texture": "#2"},
				"east": {"uv": [16, 10, 14, 16], "texture": "#2"},
				"south": {"uv": [1, 10, 15, 16], "texture": "#2"},
				"west": {"uv": [2, 10, 0, 16], "texture": "#2"},
				"up": {"uv": [0, 6, 16, 10], "texture": "#2"},
				"down": {"uv": [1, 7, 15, 9], "texture": "#2"}
			}
		},
		{
			"name": "Axis",
			"from": [0.7, 2, -3.5],
			"to": [15.3, 8.5, -1.5],
			"rotation": {"angle": 45, "axis": "x", "origin": [0, 0, 0]},
			"faces": {
				"north": {"uv": [1, 11, 15, 16], "texture": "#2"},
				"east": {"uv": [16, 11, 14, 16], "texture": "#2"},
				"south": {"uv": [1, 11, 15, 16], "texture": "#2"},
				"west": {"uv": [2, 11, 0, 16], "texture": "#2"},
				"up": {"uv": [0, 0, 16, 16], "texture": "#2"},
				"down": {"uv": [1, 0, 15, 16], "texture": "#2"}
			}
		}
	],
	"display": {
		"thirdperson_righthand": {
			"rotation": [75, 45, 0],
			"translation": [0, 2.5, 0],
			"scale": [0.375, 0.375, 0.375]
		},
		"thirdperson_lefthand": {
			"rotation": [75, 45, 0],
			"translation": [0, 2.5, 0],
			"scale": [0.375, 0.375, 0.375]
		},
		"firstperson_righthand": {
			"rotation": [0, 45, 0],
			"scale": [0.4, 0.4, 0.4]
		},
		"firstperson_lefthand": {
			"rotation": [0, 225, 0],
			"scale": [0.4, 0.4, 0.4]
		},
		"ground": {
			"translation": [0, 3, 0],
			"scale": [0.25, 0.25, 0.25]
		},
		"gui": {
			"rotation": [30, 225, 0],
			"translation": [0, 1.5, 0],
			"scale": [0.5, 0.5, 0.5]
		},
		"fixed": {
			"rotation": [0, 90, 0],
			"translation": [0, 2.25, 0],
			"scale": [0.45, 0.45, 0.45]
		}
	},
	"groups": [
		{
			"name": "axle",
			"origin": [8, 8, 8],
			"color": 0,
			"children": [0, 1, 2]
		}
	]
}