{
	"credit": "Made with Blockbench",
	"parent": "block/block",
	"texture_size": [64, 64],
	"textures": {
		"1": "trackwork:item/track_kit"
	},
	"elements": [
		{
			"from": [5, 0, 3],
			"to": [10, 2, 13],
			"faces": {
				"north": {"uv": [5.5, 6, 6.75, 6.5], "texture": "#1"},
				"east": {"uv": [0, 6, 2.5, 6.5], "texture": "#1"},
				"south": {"uv": [0, 6.5, 1.25, 7], "texture": "#1"},
				"west": {"uv": [6, 1, 8.5, 1.5], "texture": "#1"},
				"up": {"uv": [1.25, 2.5, 0, 0], "texture": "#1"},
				"down": {"uv": [2.5, 0, 1.25, 2.5], "texture": "#1"}
			}
		},
		{
			"from": [5.25, 2, 3.25],
			"to": [9.75, 4, 12.75],
			"faces": {
				"north": {"uv": [5.5, 6.5, 6.625, 7], "texture": "#1"},
				"east": {"uv": [6, 1.5, 8.375, 2], "texture": "#1"},
				"south": {"uv": [6.5, 5.5, 7.625, 6], "texture": "#1"},
				"west": {"uv": [6, 2, 8.375, 2.5], "texture": "#1"},
				"up": {"uv": [4.875, 2.375, 3.75, 0], "texture": "#1"},
				"down": {"uv": [4.875, 2.5, 3.75, 4.875], "texture": "#1"}
			}
		},
		{
			"from": [5, 2.1, 3],
			"to": [10, 3.1, 13],
			"faces": {
				"north": {"uv": [6.75, 6, 8, 6.25], "texture": "#1"},
				"east": {"uv": [5, 4.75, 7.5, 5], "texture": "#1"},
				"south": {"uv": [6.75, 6.25, 8, 6.5], "texture": "#1"},
				"west": {"uv": [6, 3.5, 8.5, 3.75], "texture": "#1"},
				"up": {"uv": [1.25, 5, 0, 2.5], "texture": "#1"},
				"down": {"uv": [3.75, 0, 2.5, 2.5], "texture": "#1"}
			}
		},
		{
			"from": [5, 3.2, 3],
			"to": [10, 4.2, 13],
			"faces": {
				"north": {"uv": [6.75, 6.5, 8, 6.75], "texture": "#1"},
				"east": {"uv": [6.5, 5, 9, 5.25], "texture": "#1"},
				"south": {"uv": [6.75, 6.75, 8, 7], "texture": "#1"},
				"west": {"uv": [6.5, 5.25, 9, 5.5], "texture": "#1"},
				"up": {"uv": [2.5, 5, 1.25, 2.5], "texture": "#1"},
				"down": {"uv": [3.75, 2.5, 2.5, 5], "texture": "#1"}
			}
		},
		{
			"from": [7, 4.2, 3],
			"to": [8, 4.45, 13],
			"faces": {
				"north": {"uv": [0.25, 7, 0.5, 7.125], "texture": "#1"},
				"east": {"uv": [7, 2.5, 9.5, 2.625], "texture": "#1"},
				"south": {"uv": [0.5, 7, 0.75, 7.125], "texture": "#1"},
				"west": {"uv": [7, 2.75, 9.5, 2.875], "texture": "#1"},
				"up": {"uv": [1.5, 9, 1.25, 6.5], "texture": "#1"},
				"down": {"uv": [1.75, 6.5, 1.5, 9], "texture": "#1"}
			}
		},
		{
			"from": [6.5, 1, 2.8],
			"to": [10.5, 5, 13.1],
			"rotation": {"angle": -45, "axis": "z", "origin": [7.5, 4, 8]},
			"faces": {
				"north": {"uv": [6, 2.5, 7, 3.5], "texture": "#1"},
				"east": {"uv": [0, 5, 2.625, 6], "texture": "#1"},
				"south": {"uv": [3.75, 6, 4.75, 7], "texture": "#1"},
				"west": {"uv": [5, 0, 7.625, 1], "texture": "#1"},
				"up": {"uv": [6, 3.625, 5, 1], "texture": "#1"},
				"down": {"uv": [3.75, 5, 2.75, 7.625], "texture": "#1"}
			}
		},
		{
			"from": [7, 4, 2.75],
			"to": [8, 6, 13.25],
			"rotation": {"angle": 0, "axis": "z", "origin": [6.5, 5.5, 8]},
			"faces": {
				"north": {"uv": [1.75, 6.5, 2, 7], "texture": "#1"},
				"east": {"uv": [3.75, 5, 6.375, 5.5], "texture": "#1"},
				"south": {"uv": [2, 6.5, 2.25, 7], "texture": "#1"},
				"west": {"uv": [5, 3.75, 7.625, 4.25], "texture": "#1"},
				"up": {"uv": [2.75, 8.625, 2.5, 6], "texture": "#1"},
				"down": {"uv": [5, 6, 4.75, 8.625], "texture": "#1"}
			}
		},
		{
			"from": [8, 4, 2.75],
			"to": [7, 6, 13.25],
			"rotation": {"angle": 0, "axis": "z", "origin": [8.5, 5.5, 8]},
			"faces": {
				"north": {"uv": [2.25, 6.5, 2.5, 7], "texture": "#1"},
				"east": {"uv": [5, 4.25, 7.625, 4.75], "texture": "#1"},
				"south": {"uv": [0, 7, 0.25, 7.5], "texture": "#1"},
				"west": {"uv": [3.75, 5.5, 6.375, 6], "texture": "#1"},
				"up": {"uv": [5.25, 8.625, 5, 6], "texture": "#1"},
				"down": {"uv": [5.5, 6, 5.25, 8.625], "texture": "#1"}
			}
		}
	],
	"display": {
		"thirdperson_righthand": {
			"rotation": [0, 90, 0],
			"translation": [0, 3.25, 0]
		},
		"thirdperson_lefthand": {
			"rotation": [0, -90, 0],
			"translation": [0, 3.75, 0]
		},
		"firstperson_righthand": {
			"rotation": [-4.5, 100.25, 10],
			"translation": [1, 4, 1]
		},
		"firstperson_lefthand": {
			"rotation": [17.25, 267, 10],
			"translation": [1, 4, 1]
		},
		"ground": {
			"rotation": [-90, 0, 0],
			"translation": [0, -2.3, 0],
			"scale": [0.76914, 0.76914, 0.76914]
		},
		"gui": {
			"rotation": [30, -40, 0],
			"translation": [0.5, 6, 0],
			"scale": [1.39531, 1.39531, 1.39531]
		},
		"fixed": {
			"rotation": [0, 160.5, 0],
			"translation": [0.5, 0.5, 0]
		}
	},
	"groups": [
		{
			"name": "Item",
			"origin": [8, 8, 8],
			"color": 0,
			"children": [0, 1, 2, 3, 4, 5, 6, 7]
		}
	]
}