{
	"credit": "Made with Blockbench",
	"parent": "block/block",
	"texture_size": [64, 64],
	"textures": {
		"1": "trackwork:block/spring",
		"particle": "trackwork:block/spring"
	},
	"elements": [
		{
			"from": [0, -0.4, 18.5],
			"to": [4, 16.25, 22.5],
			"rotation": {"angle": 0, "axis": "y", "origin": [-1, -1, 21]},
			"faces": {
				"north": {"uv": [4, 11.5, 5, 12], "texture": "#1"},
				"east": {"uv": [4, 11, 4.75, 11.5], "texture": "#1"},
				"south": {"uv": [4, 11, 5, 11.5], "texture": "#1"},
				"west": {"uv": [4.25, 11.5, 5, 12], "texture": "#1"},
				"up": {"uv": [5, 12, 4, 11], "texture": "#1"},
				"down": {"uv": [5, 11, 4, 11.75], "texture": "#1"}
			}
		},
		{
			"from": [-1.25, 1, 17.25],
			"to": [5.25, 15, 23.75],
			"rotation": {"angle": 0, "axis": "x", "origin": [-1.5, 14, 17]},
			"faces": {
				"north": {"uv": [0, 0, 3.5, 7], "texture": "#1"},
				"east": {"uv": [3.5, 0, 7, 7], "texture": "#1"},
				"south": {"uv": [0, 7, 3.5, 14], "texture": "#1"},
				"west": {"uv": [7, 0, 10.5, 7], "texture": "#1"},
				"up": {"uv": [7, 10.5, 3.5, 7], "texture": "#1"},
				"down": {"uv": [10.5, 7, 7, 10.5], "texture": "#1"}
			}
		}
	],
	"display": {
		"gui": {
			"rotation": [30, 45, 0],
			"scale": [0.625, 0.625, 0.625]
		}
	},
	"groups": [
		{
			"name": "simple_wheel_concept",
			"origin": [8, 8, 8],
			"color": 0,
			"children": [
				{
					"name": "shaft",
					"origin": [8, 8, 8],
					"color": 0,
					"children": []
				},
				0,
				1,
				{
					"name": "simple_wheel_spring_base",
					"origin": [8, 8, 8],
					"color": 0,
					"children": [
						{
							"name": "shaft",
							"origin": [8, 8, 8],
							"color": 0,
							"children": []
						}
					]
				}
			]
		}
	]
}