{
	"credit": "Made with Blockbench",
	"parent": "block/block",
	"texture_size": [64, 64],
	"textures": {
		"2": "trackwork:block/girder"
	},
	"elements": [
		{
			"from": [5, -1.15, 9],
			"to": [11, 1.25, 14],
			"rotation": {"angle": 0, "axis": "y", "origin": [5, -0.5, 11]},
			"faces": {
				"north": {"uv": [3.5, 2, 4.5, 2.5], "texture": "#2"},
				"east": {"uv": [3, 4.5, 4.25, 5], "texture": "#2"},
				"south": {"uv": [5, 2, 6, 2.5], "texture": "#2"},
				"west": {"uv": [4.25, 4.5, 5.5, 5], "texture": "#2"},
				"up": {"uv": [6.5, 1.5, 4, 0], "texture": "#2"},
				"down": {"uv": [3.5, 0, 2.5, 1.25], "texture": "#2"}
			}
		},
		{
			"from": [2, -1.15, 19],
			"to": [14, 1.25, 22],
			"rotation": {"angle": 0, "axis": "y", "origin": [5, -0.5, 21]},
			"faces": {
				"north": {"uv": [3.5, 2, 4.5, 2.5], "texture": "#2"},
				"east": {"uv": [3, 4.5, 4.25, 5], "texture": "#2"},
				"south": {"uv": [5, 2, 6, 2.5], "texture": "#2"},
				"west": {"uv": [4.25, 4.5, 5.5, 5], "texture": "#2"},
				"up": {"uv": [6.5, 1.5, 4, 0], "texture": "#2"},
				"down": {"uv": [3.5, 1.5, 2.5, 2.75], "texture": "#2"}
			}
		},
		{
			"from": [0, -1.4, 18.5],
			"to": [4, 1.75, 22.5],
			"rotation": {"angle": 0, "axis": "y", "origin": [-1, -1, 21]},
			"faces": {
				"north": {"uv": [0.5, 4.5, 1.5, 5], "texture": "#2"},
				"east": {"uv": [3, 4.5, 4.25, 5], "texture": "#2"},
				"south": {"uv": [5, 2, 6, 2.5], "texture": "#2"},
				"west": {"uv": [4.25, 4.5, 5.5, 5], "texture": "#2"},
				"up": {"uv": [6.5, 1.5, 4, 0], "texture": "#2"},
				"down": {"uv": [4, 2, 3, 3.25], "texture": "#2"}
			}
		},
		{
			"from": [16, -1.35, 29],
			"to": [20, 1.4, 32],
			"rotation": {"angle": 0, "axis": "y", "origin": [7, -0.85, 29]},
			"faces": {
				"north": {"uv": [2, 3.5, 6.5, 4], "texture": "#2"},
				"east": {"uv": [2.5, 5, 3.25, 5.5], "texture": "#2"},
				"south": {"uv": [2, 4, 6.5, 4.5], "texture": "#2"},
				"west": {"uv": [3.75, 5, 4.5, 5.5], "texture": "#2"},
				"up": {"uv": [4.5, 0.75, 0, 0], "texture": "#2"},
				"down": {"uv": [4.5, 0.75, 0, 1.5], "texture": "#2"}
			}
		},
		{
			"from": [-4, -1.35, 29],
			"to": [0, 1.4, 32],
			"rotation": {"angle": 0, "axis": "y", "origin": [3, -0.85, 29]},
			"faces": {
				"north": {"uv": [2, 3.5, 6.5, 4], "texture": "#2"},
				"east": {"uv": [2.5, 5, 3.25, 5.5], "texture": "#2"},
				"south": {"uv": [2, 4, 6.5, 4.5], "texture": "#2"},
				"west": {"uv": [3.75, 5, 4.5, 5.5], "texture": "#2"},
				"up": {"uv": [4.5, 0.75, 0, 0], "texture": "#2"},
				"down": {"uv": [4.5, 0.75, 0, 1.5], "texture": "#2"}
			}
		},
		{
			"from": [13.25, -1.5, 9],
			"to": [15.25, 1.5, 30],
			"rotation": {"angle": 22.5, "axis": "y", "origin": [14.25, -0.5, 20]},
			"faces": {
				"north": {"uv": [5.5, 0, 6, 0.5], "texture": "#2"},
				"east": {"uv": [1, 2.5, 6, 3], "texture": "#2"},
				"south": {"uv": [5.5, 0.5, 6, 1], "texture": "#2"},
				"west": {"uv": [1, 3, 6, 3.5], "texture": "#2"},
				"up": {"uv": [7.5, 16, 7, 11], "texture": "#2"},
				"down": {"uv": [6, 10, 5.5, 15], "texture": "#2"}
			}
		},
		{
			"from": [0.75, -1.5, 9.5],
			"to": [2.75, 1.5, 30.5],
			"rotation": {"angle": -22.5, "axis": "y", "origin": [2.75, -0.5, 20.5]},
			"faces": {
				"north": {"uv": [5.5, 0, 6, 0.5], "texture": "#2"},
				"east": {"uv": [1, 2.5, 6, 3], "texture": "#2"},
				"south": {"uv": [5.5, 0.5, 6, 1], "texture": "#2"},
				"west": {"uv": [1, 3, 6, 3.5], "texture": "#2"},
				"up": {"uv": [7.5, 16, 7, 11], "texture": "#2"},
				"down": {"uv": [6, 9.5, 5.5, 14.5], "texture": "#2"}
			}
		}
	],
	"display": {
		"gui": {
			"rotation": [30, 45, 0],
			"scale": [0.625, 0.625, 0.625]
		}
	},
	"groups": [
		{
			"name": "simple_wheel_concept",
			"origin": [8, 8, 8],
			"color": 0,
			"children": [
				{
					"name": "shaft",
					"origin": [8, 8, 8],
					"color": 0,
					"children": []
				},
				0,
				1,
				2,
				3,
				4,
				5,
				6,
				{
					"name": "simple_wheel_spring_base",
					"origin": [8, 8, 8],
					"color": 0,
					"children": [
						{
							"name": "shaft",
							"origin": [8, 8, 8],
							"color": 0,
							"children": []
						}
					]
				}
			]
		}
	]
}