{
	"credit": "Made with Blockbench",
	"parent": "block/block",
	"texture_size": [64, 64],
	"textures": {
		"2": "trackwork:block/girder"
	},
	"elements": [
		{
			"from": [6.5, 8, 9.5],
			"to": [9.5, 10, 31.5],
			"rotation": {"angle": 0, "axis": "y", "origin": [8, 8, 21.5]},
			"faces": {
				"north": {"uv": [5.5, 0, 6, 0.5], "texture": "#2"},
				"east": {"uv": [1, 2.5, 6, 3], "texture": "#2"},
				"south": {"uv": [5.5, 0.5, 6, 1], "texture": "#2"},
				"west": {"uv": [1, 3, 6, 3.5], "texture": "#2"},
				"up": {"uv": [7.5, 16, 7, 11], "texture": "#2"},
				"down": {"uv": [8, 11, 7.5, 16], "texture": "#2"}
			}
		},
		{
			"from": [5, 7.5, 29],
			"to": [11, 10.25, 32],
			"rotation": {"angle": 0, "axis": "y", "origin": [5, 8, 29]},
			"faces": {
				"north": {"uv": [2, 3.5, 6.5, 4], "texture": "#2"},
				"east": {"uv": [2.5, 5, 3.25, 5.5], "texture": "#2"},
				"south": {"uv": [2, 4, 6.5, 4.5], "texture": "#2"},
				"west": {"uv": [3.75, 5, 4.5, 5.5], "texture": "#2"},
				"up": {"uv": [4.5, 0.75, 0, 0], "texture": "#2"},
				"down": {"uv": [4.5, 0.75, 0, 1.5], "texture": "#2"}
			}
		},
		{
			"from": [6, 7.85, 8.5],
			"to": [10, 10.25, 12.5],
			"rotation": {"angle": 0, "axis": "y", "origin": [5, 8, 11]},
			"faces": {
				"north": {"uv": [3.5, 2, 4.5, 2.5], "texture": "#2"},
				"east": {"uv": [3, 4.5, 4.25, 5], "texture": "#2"},
				"south": {"uv": [5, 2, 6, 2.5], "texture": "#2"},
				"west": {"uv": [4.25, 4.5, 5.5, 5], "texture": "#2"},
				"up": {"uv": [11.5, 11.5, 9.5, 9.5], "texture": "#2"},
				"down": {"uv": [3, 4.5, 2, 5.75], "texture": "#2"}
			}
		}
	],
	"display": {
		"gui": {
			"rotation": [30, 45, 0],
			"scale": [0.625, 0.625, 0.625]
		}
	},
	"groups": [
		{
			"name": "simple_wheel_concept",
			"origin": [8, 8, 8],
			"color": 0,
			"children": [
				{
					"name": "shaft",
					"origin": [8, 8, 8],
					"color": 0,
					"children": []
				},
				0,
				1,
				2,
				{
					"name": "simple_wheel_spring_base",
					"origin": [8, 8, 8],
					"color": 0,
					"children": [
						{
							"name": "shaft",
							"origin": [8, 8, 8],
							"color": 0,
							"children": []
						}
					]
				}
			]
		}
	]
}